sh603196,日播时尚,SECOND_STAGE
sh603918,金桥信息,SECOND_STAGE
sh603933,睿能科技,SECOND_STAGE
sz000021,深科技,SECOND_STAGE
sz002236,大华股份,SECOND_STAGE
sz000037,深南电a,SECOND_STAGE
sz002463,沪电股份,SECOND_STAGE
sz002222,福晶科技,SECOND_STAGE
sz002535,林州重机,SECOND_STAGE
sh603629,利通电子,SECOND_STAGE
sz002902,铭普光磁,SECOND_STAGE
sz002992,n宝明,SECOND_STAGE
sh600706,曲江文旅,SECOND_STAGE
sh605580,恒盛能源,SECOND_STAGE
sh600310,桂东电力,SECOND_STAGE
sh601698,中国卫通,SECOND_STAGE
sz000936,华西股份,SECOND_STAGE
sh603662,柯力传感,SECOND_STAGE
sh603728,鸣志电器,SECOND_STAGE
sz002281,光迅科技,SECOND_STAGE
sz002835,同为股份,SECOND_STAGE
sh600105,永鼎股份,SECOND_STAGE
sh600602,云赛智联,SECOND_STAGE
sz002536,西泵股份,SECOND_STAGE
sh601138,工业富联,SECOND_STAGE
sh600633,浙数文化,SECOND_STAGE
sh605011,杭州热电,SECOND_STAGE
sz002261,拓维信息,SECOND_STAGE
sh600822,上海物贸,SECOND_STAGE
sz000988,华工科技,SECOND_STAGE
sz002654,万润科技,SECOND_STAGE
sz000802,北京文化,SECOND_STAGE
sh605598,上海港湾,SECOND_STAGE
sz002230,科大讯飞,SECOND_STAGE
sz002602,世纪华通,SECOND_STAGE
sz002919,名臣健康,SECOND_STAGE
sz002229,鸿博股份,SECOND_STAGE
sz002401,中远海科,SECOND_STAGE
sh600066,宇通客车,SECOND_STAGE
sh600072,中船科技,SECOND_STAGE
sh600136,当代明诚,SIDEWAYS
sh600337,美克家居,SIDEWAYS
sh600683,京投发展,SIDEWAYS
sh601077,渝农商行,SIDEWAYS
sh603038,华立股份,SIDEWAYS
sh603121,华培动力,SIDEWAYS
sh603186,华正新材,SIDEWAYS
sh603256,宏和科技,SIDEWAYS
sh603277,银都股份,SIDEWAYS
sh603278,大业股份,SIDEWAYS
sh603629,利通电子,SIDEWAYS
sh603803,瑞斯康达,SIDEWAYS
sh603839,安正时尚,SIDEWAYS
sh603920,世运电路,SIDEWAYS
sh605100,华丰股份,SIDEWAYS
sz000676,智度股份,SIDEWAYS
sz002217,合力泰,SIDEWAYS
sz002582,好想你,SIDEWAYS
sz002889,东方嘉盛,SIDEWAYS
sz003011,海象新材,SIDEWAYS
sz000404,长虹华意,SIDEWAYS
sz000521,长虹美菱,SIDEWAYS